{
  "CMA-ES": {
    "func1_dim40": {
      "success_rate": 0.0,
      "ert": 500.0,
      "convergence_speed": 77.62666666666665,
      "resource_utilization": 100.0,
      "robustness": 95.56253588002261,
      "mean_best": 101.47459656150203,
      "std_best": 4.5028988133084615,
      "median_best": 100.92098493890353,
      "mean_time": 0.022785099347432454,
      "n_runs": 30
    },
    "func2_dim40": {
      "success_rate": 0.0,
      "ert": 500.0,
      "convergence_speed": 46.13333333333333,
      "resource_utilization": 100.0,
      "robustness": 70.59954005788323,
      "mean_best": 1142504.1387034704,
      "std_best": 335901.47163653997,
      "median_best": 1076398.5029474134,
      "mean_time": 0.024498605728149415,
      "n_runs": 30
    },
    "func3_dim40": {
      "success_rate": 0.0,
      "ert": 500.0,
      "convergence_speed": 62.846666666666664,
      "resource_utilization": 100.0,
      "robustness": 26.98489289831659,
      "mean_best": 66.05334660153598,
      "std_best": 48.228921765357654,
      "median_best": 62.14439908574508,
      "mean_time": 0.025104522705078125,
      "n_runs": 30
    },
    "func4_dim40": {
      "success_rate": 0.0,
      "ert": 500.0,
      "convergence_speed": 59.68666666666666,
      "resource_utilization": 100.0,
      "robustness": 65.47361571352126,
      "mean_best": 288.0424646840877,
      "std_best": 99.45064826507296,
      "median_best": 271.00106965853723,
      "mean_time": 0.02328664461771647,
      "n_runs": 30
    },
    "func5_dim40": {
      "success_rate": 0.0,
      "ert": 500.0,
      "convergence_speed": 82.0,
      "resource_utilization": 100.0,
      "robustness": 86.80621043302177,
      "mean_best": 179.00637538325313,
      "std_best": 23.617724479541515,
      "median_best": 178.27741821858874,
      "mean_time": 0.02577206293741862,
      "n_runs": 30
    },
    "func6_dim40": {
      "success_rate": 0.0,
      "ert": 500.0,
      "convergence_speed": 45.02666666666668,
      "resource_utilization": 100.0,
      "robustness": 0.0,
      "mean_best": 5845.10192036722,
      "std_best": 6538.736194565487,
      "median_best": 3512.47371721696,
      "mean_time": 0.025008622805277506,
      "n_runs": 30
    },
    "func7_dim40": {
      "success_rate": 0.0,
      "ert": 500.0,
      "convergence_speed": 61.440000000000005,
      "resource_utilization": 100.0,
      "robustness": 84.71912797345797,
      "mean_best": 367.87050897796587,
      "std_best": 56.21382170031175,
      "median_best": 373.8089166666135,
      "mean_time": 0.023547021547953288,
      "n_runs": 30
    },
    "func8_dim40": {
      "success_rate": 0.0,
      "ert": 500.0,
      "convergence_speed": 47.220000000000006,
      "resource_utilization": 100.0,
      "robustness": 42.72598987239588,
      "mean_best": 8073.735562375908,
      "std_best": 4624.152123671153,
      "median_best": 6231.630297929694,
      "mean_time": 0.022364250818888345,
      "n_runs": 30
    },
    "func9_dim40": {
      "success_rate": 0.0,
      "ert": 500.0,
      "convergence_speed": 60.07333333333334,
      "resource_utilization": 100.0,
      "robustness": 65.51317737000582,
      "mean_best": 1980.6906352434319,
      "std_best": 683.0772662253072,
      "median_best": 1935.3927343326227,
      "mean_time": 0.02019988695780436,
      "n_runs": 30
    },
    "func10_dim40": {
      "success_rate": 0.0,
      "ert": 500.0,
      "convergence_speed": 22.06,
      "resource_utilization": 100.0,
      "robustness": 74.7689676172012,
      "mean_best": 1383926.0708831197,
      "std_best": 349178.8350985151,
      "median_best": 1391182.3660540716,
      "mean_time": 0.025375827153523763,
      "n_runs": 30
    },
    "func11_dim40": {
      "success_rate": 0.0,
      "ert": 500.0,
      "convergence_speed": 4.2733333333333325,
      "resource_utilization": 100.0,
      "robustness": 83.33341742057385,
      "mean_best": 463.6388221281896,
      "std_best": 77.27274716027344,
      "median_best": 450.27629260237427,
      "mean_time": 0.024709916114807128,
      "n_runs": 30
    },
    "func12_dim40": {
      "success_rate": 0.0,
      "ert": 500.0,
      "convergence_speed": 60.800000000000004,
      "resource_utilization": 100.0,
      "robustness": 65.66394014228459,
      "mean_best": 28938760.714908306,
      "std_best": 9936430.201151948,
      "median_best": 26390333.53353252,
      "mean_time": 0.02336993217468262,
      "n_runs": 30
    },
    "func13_dim40": {
      "success_rate": 0.0,
      "ert": 500.0,
      "convergence_speed": 82.16000000000001,
      "resource_utilization": 100.0,
      "robustness": 91.37442208054188,
      "mean_best": 1164.8144796239596,
      "std_best": 100.47198055709536,
      "median_best": 1166.212841985803,
      "mean_time": 0.02601319948832194,
      "n_runs": 30
    },
    "func14_dim40": {
      "success_rate": 0.0,
      "ert": 500.0,
      "convergence_speed": 50.86000000000001,
      "resource_utilization": 100.0,
      "robustness": 0.0,
      "mean_best": -40.327563900759884,
      "std_best": 3.0849986132253733,
      "median_best": -40.41727071547564,
      "mean_time": 0.023704012235005695,
      "n_runs": 30
    },
    "func15_dim40": {
      "success_rate": 0.0,
      "ert": 500.0,
      "convergence_speed": 66.27333333333333,
      "resource_utilization": 100.0,
      "robustness": 96.67384755123643,
      "mean_best": 1532.0052146020637,
      "std_best": 50.95682896067198,
      "median_best": 1533.1761777085178,
      "mean_time": 0.02492199738820394,
      "n_runs": 30
    },
    "func16_dim40": {
      "success_rate": 0.0,
      "ert": 500.0,
      "convergence_speed": 46.75333333333334,
      "resource_utilization": 100.0,
      "robustness": 97.57040344923543,
      "mean_best": 113.46141089915712,
      "std_best": 2.7566545256547292,
      "median_best": 113.58366540017077,
      "mean_time": 0.02660184701283773,
      "n_runs": 30
    },
    "func17_dim40": {
      "success_rate": 0.0,
      "ert": 500.0,
      "convergence_speed": 74.07333333333332,
      "resource_utilization": 100.0,
      "robustness": 0.0,
      "mean_best": -11.44416952170402,
      "std_best": 0.8322436853284587,
      "median_best": -11.49802314802801,
      "mean_time": 0.023912469546000164,
      "n_runs": 30
    },
    "func18_dim40": {
      "success_rate": 0.0,
      "ert": 500.0,
      "convergence_speed": 66.74666666666668,
      "resource_utilization": 100.0,
      "robustness": 23.389993152705625,
      "mean_best": 4.554238441841496,
      "std_best": 3.4890023821368823,
      "median_best": 4.650809178903117,
      "mean_time": 0.023831836382548013,
      "n_runs": 30
    },
    "func19_dim40": {
      "success_rate": 0.0,
      "ert": 500.0,
      "convergence_speed": 71.67333333333333,
      "resource_utilization": 100.0,
      "robustness": 0.0,
      "mean_best": -94.33882697293876,
      "std_best": 0.6036864262222709,
      "median_best": -94.37392647241302,
      "mean_time": 0.020177515347798665,
      "n_runs": 30
    },
    "func20_dim40": {
      "success_rate": 0.0,
      "ert": 500.0,
      "convergence_speed": 44.313333333333325,
      "resource_utilization": 100.0,
      "robustness": 0.0,
      "mean_best": 10.376325950020751,
      "std_best": 646.5812566224904,
      "median_best": -235.03136428520628,
      "mean_time": 0.021282688776652018,
      "n_runs": 30
    },
    "func21_dim40": {
      "success_rate": 0.0,
      "ert": 500.0,
      "convergence_speed": 87.00666666666669,
      "resource_utilization": 100.0,
      "robustness": 85.11403142456551,
      "mean_best": 63.057896268499924,
      "std_best": 9.386778622858982,
      "median_best": 61.632140208981376,
      "mean_time": 0.024322954813639323,
      "n_runs": 30
    },
    "func22_dim40": {
      "success_rate": 0.0,
      "ert": 500.0,
      "convergence_speed": 92.25333333333334,
      "resource_utilization": 100.0,
      "robustness": 0.0,
      "mean_best": -962.4151750255656,