{
  "CMA-ES": {
    "func1_dim40": {
      "success_rate": 0.0,
      "ert": 2000.0,
      "convergence_speed": 31.873333333333328,
      "resource_utilization": 100.0,
      "robustness": 99.97235397061722,
      "mean_best": 79.5131220323219,
      "std_best": 0.02198222108021528,
      "median_best": 79.50783574764901,
      "mean_time": 0.08260041077931722,
      "n_runs": 30
    },
    "func2_dim40": {
      "success_rate": 0.0,
      "ert": 2000.0,
      "convergence_speed": 37.836666666666666,
      "resource_utilization": 100.0,
      "robustness": 50.493493541936,
      "mean_best": 195199.32850750058,
      "std_best": 96636.36817366336,
      "median_best": 158835.62280254991,
      "mean_time": 0.09801204204559326,
      "n_runs": 30
    },
    "func3_dim40": {
      "success_rate": 0.0,
      "ert": 2000.0,
      "convergence_speed": 47.59499999999999,
      "resource_utilization": 100.0,
      "robustness": 0.0,
      "mean_best": -126.35583474186986,
      "std_best": 26.36325838084762,
      "median_best": -124.88523652230921,
      "mean_time": 0.09336413542429606,
      "n_runs": 30
    },
    "func4_dim40": {
      "success_rate": 0.0,
      "ert": 2000.0,
      "convergence_speed": 43.92166666666666,
      "resource_utilization": 100.0,
      "robustness": 0.0,
      "mean_best": -73.13860762270046,
      "std_best": 35.00927720758765,
      "median_best": -64.68119060004761,
      "mean_time": 0.0897611141204834,
      "n_runs": 30
    },
    "func5_dim40": {
      "success_rate": 0.0,
      "ert": 2000.0,
      "convergence_speed": 61.805,
      "resource_utilization": 100.0,
      "robustness": 9.142670322427138,
      "mean_best": 5.735259002823,
      "std_best": 5.210903180057571,
      "median_best": 5.618258388951256,
      "mean_time": 0.10364717642466227,
      "n_runs": 30
    },
    "func6_dim40": {
      "success_rate": 0.0,
      "ert": 2000.0,
      "convergence_speed": 11.66333333333333,
      "resource_utilization": 100.0,
      "robustness": 73.16579928443088,
      "mean_best": 179.38635050315423,
      "std_best": 48.13689335035074,
      "median_best": 154.63087438356015,
      "mean_time": 0.09938542048136394,
      "n_runs": 30
    },
    "func7_dim40": {
      "success_rate": 0.0,
      "ert": 2000.0,
      "convergence_speed": 43.60166666666667,
      "resource_utilization": 100.0,
      "robustness": 91.95577515785484,
      "mean_best": 125.16892198045956,
      "std_best": 10.068869516597415,
      "median_best": 123.48766438233301,
      "mean_time": 0.08929971853892009,
      "n_runs": 30
    },
    "func8_dim40": {
      "success_rate": 0.0,
      "ert": 2000.0,
      "convergence_speed": 14.259999999999998,
      "resource_utilization": 100.0,
      "robustness": 76.46912071492713,
      "mean_best": 228.75041477592015,
      "std_best": 53.82698396502527,
      "median_best": 201.45580254771204,
      "mean_time": 0.07991593678792318,
      "n_runs": 30
    },
    "func9_dim40": {
      "success_rate": 0.0,
      "ert": 2000.0,
      "convergence_speed": 15.346666666666666,
      "resource_utilization": 100.0,
      "robustness": 71.71207602662462,
      "mean_best": 180.74796383724242,
      "std_best": 51.12984659370318,
      "median_best": 166.19194959215238,
      "mean_time": 0.07552893161773681,
      "n_runs": 30
    },
    "func10_dim40": {
      "success_rate": 0.0,
      "ert": 2000.0,
      "convergence_speed": 14.931666666666663,
      "resource_utilization": 100.0,
      "robustness": 58.66321034926134,
      "mean_best": 223023.98776581645,
      "std_best": 92190.95669344466,
      "median_best": 207992.72560776334,
      "mean_time": 0.10251671473185221,
      "n_runs": 30
    },
    "func11_dim40": {
      "success_rate": 0.0,
      "ert": 2000.0,
      "convergence_speed": 0.6216666666666666,
      "resource_utilization": 100.0,
      "robustness": 82.8446769030253,
      "mean_best": 428.32288751977296,
      "std_best": 73.48017525230858,
      "median_best": 425.46435642932033,
      "mean_time": 0.1036914348602295,
      "n_runs": 30
    },
    "func12_dim40": {
      "success_rate": 0.0,
      "ert": 2000.0,
      "convergence_speed": 24.369999999999997,
      "resource_utilization": 100.0,
      "robustness": 3.3501489762177927,
      "mean_best": 46813.5414215194,
      "std_best": 45245.21804285508,
      "median_best": 33648.407051421906,
      "mean_time": 0.08781118392944336,
      "n_runs": 30
    },
    "func13_dim40": {
      "success_rate": 0.0,
      "ert": 2000.0,
      "convergence_speed": 68.90833333333333,
      "resource_utilization": 100.0,
      "robustness": 81.83840340952275,
      "mean_best": 115.77738661453478,
      "std_best": 21.027021899929004,
      "median_best": 114.50565363121666,
      "mean_time": 0.08574188550313314,
      "n_runs": 30
    },
    "func14_dim40": {
      "success_rate": 0.0,
      "ert": 2000.0,
      "convergence_speed": 34.821666666666665,
      "resource_utilization": 100.0,
      "robustness": 0.0,
      "mean_best": -52.19367923341792,
      "std_best": 0.052046381995582244,
      "median_best": -52.20900729377901,
      "mean_time": 0.08874393304189046,
      "n_runs": 30
    },
    "func15_dim40": {
      "success_rate": 0.0,
      "ert": 2000.0,
      "convergence_speed": 39.71333333333334,
      "resource_utilization": 100.0,
      "robustness": 98.26996645874337,
      "mean_best": 1347.3162972517398,
      "std_best": 23.309023849271956,
      "median_best": 1344.7503210546556,
      "mean_time": 0.09726214408874512,
      "n_runs": 30
    },
    "func16_dim40": {
      "success_rate": 0.0,
      "ert": 2000.0,
      "convergence_speed": 45.858333333333334,
      "resource_utilization": 100.0,
      "robustness": 94.34465026400044,
      "mean_best": 108.63087663239938,
      "std_best": 6.143455994844404,
      "median_best": 110.188601240183,
      "mean_time": 0.1113207737604777,
      "n_runs": 30
    },
    "func17_dim40": {
      "success_rate": 0.0,
      "ert": 2000.0,
      "convergence_speed": 63.22833333333334,
      "resource_utilization": 100.0,
      "robustness": 0.0,
      "mean_best": -15.963775317818321,
      "std_best": 0.33077349797560157,
      "median_best": -16.02041080472104,
      "mean_time": 0.09295765558878581,
      "n_runs": 30
    },
    "func18_dim40": {
      "success_rate": 0.0,
      "ert": 2000.0,
      "convergence_speed": 64.59833333333333,
      "resource_utilization": 100.0,
      "robustness": 0.0,
      "mean_best": -11.520334831790093,
      "std_best": 1.8705794223580174,
      "median_best": -11.799135988681215,
      "mean_time": 0.09454011122385661,
      "n_runs": 30
    },
    "func19_dim40": {
      "success_rate": 0.0,
      "ert": 2000.0,
      "convergence_speed": 43.575,
      "resource_utilization": 100.0,
      "robustness": 0.0,
      "mean_best": -95.33262776322321,
      "std_best": 0.3316804821836772,
      "median_best": -95.3600112148179,
      "mean_time": 0.07542275587717692,
      "n_runs": 30
    },
    "func20_dim40": {
      "success_rate": 0.0,
      "ert": 2000.0,
      "convergence_speed": 11.353333333333333,
      "resource_utilization": 100.0,
      "robustness": 0.0,
      "mean_best": -543.4782659205308,
      "std_best": 0.25118244924074845,
      "median_best": -543.3968249395962,
      "mean_time": 0.08492957750956218,
      "n_runs": 30
    },
    "func21_dim40": {
      "success_rate": 0.0,
      "ert": 2000.0,
      "convergence_speed": 45.605,
      "resource_utilization": 100.0,
      "robustness": 95.55483464975563,
      "mean_best": 42.396956608564345,
      "std_best": 1.884614824722045,
      "median_best": 40.82899839512821,
      "mean_time": 0.09343090057373046,
      "n_runs": 30
    },
    "func22_dim40": {
      "success_rate": 0.0,
      "ert": 2000.0,
      "convergence_speed": 44.58833333333333,
      "resource_utilization": 100.0,
      "robustness": 0.0,
      "mean_best": -986.0452779664861,