{
  "CMA-ES": {
    "func1_dim20": {
      "success_rate": 0.0,
      "ert": 1000.0,
      "convergence_speed": 31.40666666666667,
      "resource_utilization": 100.0,
      "robustness": 99.97858719960047,
      "mean_best": 79.50720855250604,
      "std_best": 0.017024719870585125,
      "median_best": 79.5024850262729,
      "mean_time": 0.03630936145782471,
      "n_runs": 30
    },
    "func2_dim20": {
      "success_rate": 0.0,
      "ert": 1000.0,
      "convergence_speed": 16.253333333333334,
      "resource_utilization": 100.0,
      "robustness": 26.557803793851154,
      "mean_best": 60493.397183607936,
      "std_best": 44427.67945135026,
      "median_best": 48412.80481693141,
      "mean_time": 0.042017308870951335,
      "n_runs": 30
    },
    "func3_dim20": {
      "success_rate": 0.0,
      "ert": 1000.0,
      "convergence_speed": 40.41,
      "resource_utilization": 100.0,
      "robustness": 0.0,
      "mean_best": -315.8001183415966,
      "std_best": 20.781865708008105,
      "median_best": -313.4000309420494,
      "mean_time": 0.04003371397654216,
      "n_runs": 30
    },
    "func4_dim20": {
      "success_rate": 0.0,
      "ert": 1000.0,
      "convergence_speed": 42.45333333333333,
      "resource_utilization": 100.0,
      "robustness": 0.0,
      "mean_best": -292.31646165431954,
      "std_best": 20.320688482803842,
      "median_best": -297.58816197937415,
      "mean_time": 0.03803149859110514,
      "n_runs": 30
    },
    "func5_dim20": {
      "success_rate": 0.0,
      "ert": 1000.0,
      "convergence_speed": 63.45333333333334,
      "resource_utilization": 100.0,
      "robustness": 0.0,
      "mean_best": -2.1911442276676203,
      "std_best": 4.18413499798239,
      "median_best": -1.743347589149678,
      "mean_time": 0.045105902353922527,
      "n_runs": 30
    },
    "func6_dim20": {
      "success_rate": 0.0,
      "ert": 1000.0,
      "convergence_speed": 16.903333333333336,
      "resource_utilization": 100.0,
      "robustness": 71.49722961809309,
      "mean_best": 71.97622802964379,
      "std_best": 20.515219004847097,
      "median_best": 67.17351518345951,
      "mean_time": 0.04240295092264811,
      "n_runs": 30
    },
    "func7_dim20": {
      "success_rate": 0.0,
      "ert": 1000.0,
      "convergence_speed": 25.273333333333337,
      "resource_utilization": 100.0,
      "robustness": 93.59697652621057,
      "mean_best": 105.42565329864085,
      "std_best": 6.750429328107847,
      "median_best": 103.65040148597852,
      "mean_time": 0.04032861391703288,
      "n_runs": 30
    },
    "func8_dim20": {
      "success_rate": 0.0,
      "ert": 1000.0,
      "convergence_speed": 12.193333333333333,
      "resource_utilization": 100.0,
      "robustness": 79.90214003975265,
      "mean_best": 198.03217513754774,
      "std_best": 39.80022923537612,
      "median_best": 176.49650694307425,
      "mean_time": 0.03475038210550944,
      "n_runs": 30
    },
    "func9_dim20": {
      "success_rate": 0.0,
      "ert": 1000.0,
      "convergence_speed": 14.126666666666667,
      "resource_utilization": 100.0,
      "robustness": 92.52736274961694,
      "mean_best": 146.59680485366954,
      "std_best": 10.95464744736667,
      "median_best": 143.89709049297554,
      "mean_time": 0.03321316242218018,
      "n_runs": 30
    },
    "func10_dim20": {
      "success_rate": 0.0,
      "ert": 1000.0,
      "convergence_speed": 25.613333333333333,
      "resource_utilization": 100.0,
      "robustness": 30.924695657024902,
      "mean_best": 80519.15434910069,
      "std_best": 55618.85092103117,
      "median_best": 65652.81029160217,
      "mean_time": 0.041158048311869304,
      "n_runs": 30
    },
    "func11_dim20": {
      "success_rate": 0.0,
      "ert": 1000.0,
      "convergence_speed": 1.2766666666666668,
      "resource_utilization": 100.0,
      "robustness": 80.5523887093697,
      "mean_best": 263.2629250961884,
      "std_best": 51.198350345049946,
      "median_best": 264.4585219966801,
      "mean_time": 0.042500821749369304,
      "n_runs": 30
    },
    "func12_dim20": {
      "success_rate": 0.0,
      "ert": 1000.0,
      "convergence_speed": 13.65,
      "resource_utilization": 100.0,
      "robustness": 44.824912999871735,
      "mean_best": 32603.99966915506,
      "std_best": 17989.285182977834,
      "median_best": 27999.94762473711,
      "mean_time": 0.036991151173909505,
      "n_runs": 30
    },
    "func13_dim20": {
      "success_rate": 0.0,
      "ert": 1000.0,
      "convergence_speed": 70.8,
      "resource_utilization": 100.0,
      "robustness": 74.29913039163061,
      "mean_best": 97.84797516205496,
      "std_best": 25.147780510829406,
      "median_best": 93.5414773773814,
      "mean_time": 0.037588644027709964,
      "n_runs": 30
    },
    "func14_dim20": {
      "success_rate": 0.0,
      "ert": 1000.0,
      "convergence_speed": 40.52666666666666,
      "resource_utilization": 100.0,
      "robustness": 0.0,
      "mean_best": -52.222877943691174,
      "std_best": 0.08449721666692375,
      "median_best": -52.245406372693644,
      "mean_time": 0.03767430782318115,
      "n_runs": 30
    },
    "func15_dim20": {
      "success_rate": 0.0,
      "ert": 1000.0,
      "convergence_speed": 50.989999999999995,
      "resource_utilization": 100.0,
      "robustness": 98.74757363743815,
      "mean_best": 1149.906263278775,
      "std_best": 14.401729186053302,
      "median_best": 1150.0277667200303,
      "mean_time": 0.040397389729817705,
      "n_runs": 30
    },
    "func16_dim20": {
      "success_rate": 0.0,
      "ert": 1000.0,
      "convergence_speed": 46.21333333333333,
      "resource_utilization": 100.0,
      "robustness": 93.65288604768239,
      "mean_best": 97.8340643296439,
      "std_best": 6.20963954718621,
      "median_best": 99.56669518384416,
      "mean_time": 0.0452418327331543,
      "n_runs": 30
    },
    "func17_dim20": {
      "success_rate": 0.0,
      "ert": 1000.0,
      "convergence_speed": 34.94666666666667,
      "resource_utilization": 100.0,
      "robustness": 0.0,
      "mean_best": -16.04006708128285,
      "std_best": 0.40889015883286234,
      "median_best": -16.100373764588696,
      "mean_time": 0.039932966232299805,
      "n_runs": 30
    },
    "func18_dim20": {
      "success_rate": 0.0,
      "ert": 1000.0,
      "convergence_speed": 31.46666666666666,
      "resource_utilization": 100.0,
      "robustness": 0.0,
      "mean_best": -12.880591577589579,
      "std_best": 1.5914099113784872,
      "median_best": -13.100007862306558,
      "mean_time": 0.039636659622192386,
      "n_runs": 30
    },
    "func19_dim20": {
      "success_rate": 0.0,
      "ert": 1000.0,
      "convergence_speed": 38.676666666666655,
      "resource_utilization": 100.0,
      "robustness": 0.0,
      "mean_best": -96.53874584639229,
      "std_best": 0.5836169699228495,
      "median_best": -96.41356790242489,
      "mean_time": 0.033960119883219404,
      "n_runs": 30
    },
    "func20_dim20": {
      "success_rate": 0.0,
      "ert": 1000.0,
      "convergence_speed": 7.216666666666666,
      "resource_utilization": 100.0,
      "robustness": 0.0,
      "mean_best": -543.701330926612,
      "std_best": 0.3486914550742888,
      "median_best": -543.6472184359558,
      "mean_time": 0.03450437386830648,
      "n_runs": 30
    },
    "func21_dim20": {
      "success_rate": 0.0,
      "ert": 1000.0,
      "convergence_speed": 50.56666666666665,
      "resource_utilization": 100.0,
      "robustness": 86.50377925446988,
      "mean_best": 49.936163803853425,
      "std_best": 6.739494898817574,
      "median_best": 50.76064979426421,
      "mean_time": 0.03948613007863363,
      "n_runs": 30
    },
    "func22_dim20": {
      "success_rate": 0.0,
      "ert": 1000.0,
      "convergence_speed": 48.550000000000004,
      "resource_utilization": 100.0,
      "robustness": 0.0,
      "mean_best": -993.682602793499,